{
    "width" :           930,
    "height":           540,
    "agent_count":      10000,
    "steps_per_frame":  5,
    "spawn_mode":       1,
    "die_on_trapped":   false,
    "death_time":       20,
    "hard_avoidance":   true,
    "decay_rate":       0.005,
    "blur_rate":        0.3,
    "species":          [
        [ 60, 
          30, 
          20, 
          1, 
          1, 
          [0.53608304, 0.062745094, 1]
        ],
        [ 112, 
          90, 
          30, 
          1, 
          1, 
          [0.10588236, 0.6240185, 0.83137256]
        ],
        [ 70, 
          50, 
          30, 
          1, 
          1, 
          [0.47160125, 0.8301887, 0.105731584]
        ]
    ]
}